DATES,FL664090005.Q,FL663020003.Q,FL664004005.Q,FL663069103.Q,FL663061105.Q,FL663061703.Q,FL663062003.Q,FL663063005.Q,FL663069803.Q,FL663064003.Q,FL663067003.Q,FL663090005.Q,FL664190005.Q,FL662150005.Q,FL664104005.Q,FL663163003.Q,FL663168005.Q,FL663170003.Q,FL663167005.Q,FL663167003.Q,FL763067005.Q,FL663178003.Q,FL663190005.Q,FL663192003.Q,FL663194005.Q,FL663193005.Q,
195201,3340,597,874,0,191,0,300,383,0,447,1422,0,3477,-1026,0,0,0,100,3282,832,2450,14,1107,171,0,936,
195202,4180,586,1699,0,1121,0,200,378,0,441,1454,0,4317,-965,0,0,0,100,4057,779,3278,16,1109,173,0,936,
195203,3518,571,834,0,180,0,70,584,0,648,1465,0,3656,-1133,0,0,0,140,3561,761,2800,17,1071,175,0,896,
195204,4149,549,1486,0,709,0,228,549,0,612,1502,0,4290,-1103,0,0,0,150,4159,796,3363,20,1064,178,0,886,
195301,3729,530,914,0,208,0,150,556,0,620,1665,0,3871,-1128,0,0,0,160,3768,818,2950,14,1057,181,0,876,
195302,3825,510,821,0,145,0,100,576,0,640,1854,0,3969,-1074,0,0,0,170,3811,718,3093,10,1052,186,0,866,
195303,4100,492,1140,0,426,0,100,614,0,679,1789,0,4244,-1034,0,0,0,180,4041,741,3300,11,1046,190,0,856,
195304,4551,475,1608,0,640,0,430,538,0,602,1866,0,4682,-1202,0,0,0,180,4647,784,3863,21,1036,180,0,856,
195401,4122,476,1219,0,443,0,300,476,0,539,1888,0,4252,-1198,0,0,0,190,4216,866,3350,13,1031,185,0,846,
195402,4907,492,1738,0,869,0,300,569,0,632,2045,0,5031,-1256,0,0,0,190,5040,922,4118,22,1035,189,0,846,
195403,5152,521,1626,0,674,0,300,652,0,715,2290,0,5267,-1307,0,0,0,200,5316,1016,4300,29,1029,193,0,836,
195404,5595,557,1635,0,666,0,300,669,0,731,2672,0,5715,-1525,0,0,0,200,5975,1121,4854,22,1043,207,0,836,
195501,5290,579,1150,0,322,0,300,528,0,590,2971,0,5411,-1529,0,0,0,200,5674,1124,4550,19,1047,211,0,836,
195502,5512,581,1182,0,228,0,300,654,0,716,3033,0,5634,-1613,0,0,0,200,5980,1009,4971,15,1052,216,0,836,
195503,5375,564,1067,0,218,0,300,549,0,611,3133,0,5498,-1654,0,0,0,200,5875,1075,4800,20,1057,221,0,836,
195504,5910,530,1387,0,264,0,300,823,0,885,3108,0,6034,-1774,0,0,0,210,6520,983,5537,26,1052,226,0,826,
195601,5440,508,1091,0,111,0,300,680,0,742,3099,0,5565,-1825,0,0,0,220,6106,1056,5050,17,1047,231,0,816,
195602,5374,502,1015,0,122,0,200,693,0,755,3102,0,5498,-1738,0,0,0,230,5953,920,5033,13,1040,234,0,806,
195603,5093,513,817,0,114,0,100,603,0,666,3097,0,5215,-1728,0,0,0,230,5653,953,4700,17,1043,237,0,806,
195604,5331,538,965,0,243,0,100,622,0,686,3142,0,5435,-1691,0,0,0,230,5849,968,4881,18,1029,223,0,806,
195701,4665,559,570,0,113,0,0,457,0,521,3015,0,4771,-1664,0,0,0,240,5152,902,4250,19,1024,228,0,796,
195702,4973,568,659,0,87,0,100,472,0,536,3210,0,5080,-1706,0,0,0,240,5502,902,4600,16,1028,232,0,796,
195703,5050,564,819,0,223,0,100,496,0,561,3106,0,5159,-1654,0,0,0,240,5522,922,4600,19,1032,236,0,796,
195704,5477,547,1354,0,449,0,200,705,0,771,2805,0,5585,-1620,0,0,0,250,5907,986,4921,25,1023,237,0,786,
195801,5439,537,1220,0,332,0,325,563,0,628,3054,0,5544,-1793,0,0,0,250,6042,1049,4993,22,1023,237,0,786,
195802,6731,537,1940,0,867,0,370,703,0,768,3486,0,6830,-1837,0,0,0,250,7370,1152,6218,24,1023,237,0,786,
195803,5303,549,775,0,199,0,215,361,0,425,3554,0,5395,-1784,0,0,0,260,5876,1231,4645,30,1013,237,0,776,
195804,6071,571,1242,0,604,0,215,423,0,488,3770,0,6152,-1829,0,0,0,260,6677,1275,5402,33,1011,235,0,776,
195901,5426,590,825,0,408,0,275,142,0,207,3804,0,5496,-1895,0,0,0,270,6084,1391,4693,38,999,234,0,765,
195902,5480,602,719,0,275,0,250,194,0,258,3901,0,5542,-1915,0,0,0,270,6152,1234,4918,35,1000,236,0,764,
195903,5598,605,882,0,401,0,180,301,0,364,3747,0,5650,-1856,0,0,0,280,6188,1143,5045,46,992,238,0,754,
195904,6171,600,1232,0,428,0,302,502,0,566,3773,0,6212,-1850,0,0,0,280,6737,1096,5641,50,995,239,0,756,
196001,4962,599,637,0,158,0,276,203,0,266,3460,0,4998,-1837,0,0,0,290,5520,1087,4433,36,989,243,0,746,
196002,5303,601,896,0,204,0,457,235,0,299,3507,0,5338,-1858,0,0,0,290,5876,1118,4758,33,997,251,0,746,
196003,6040,610,1405,0,580,0,450,375,0,440,3585,0,6075,-1905,0,0,0,290,6645,1165,5480,39,1006,259,0,747,
196004,6700,624,1891,0,1021,0,400,470,0,536,3649,0,6715,-1833,0,0,0,290,7215,1249,5966,48,995,249,0,746,
196101,5882,642,1207,0,543,0,443,221,0,11,4022,0,5890,-1865,0,0,0,300,6397,1658,4739,67,991,256,0,735,
196102,6677,660,1383,0,517,0,504,362,0,152,4482,0,6671,-1994,0,0,0,300,7313,1408,5905,61,991,258,0,733,
196103,6719,676,1525,0,763,0,473,289,0,77,4441,0,6698,-2001,0,0,0,300,7334,1350,5984,71,994,260,0,734,
196104,7648,688,2043,0,1305,0,333,405,0,194,4723,0,7642,-2134,0,0,0,300,8390,1341,7049,63,1023,287,0,736,
196201,6940,690,1852,0,1142,0,479,231,0,19,4379,0,6934,-2004,0,0,0,310,7544,1269,6275,66,1018,292,0,726,
196202,6749,683,1968,0,1122,0,538,308,0,97,4001,0,6746,-2005,0,0,0,310,7380,1511,5869,38,1023,296,0,727,
196203,7219,668,2014,0,1146,0,425,443,0,232,4305,0,7219,-1899,0,0,0,320,7750,1200,6550,33,1015,299,0,716,
196204,8431,648,2964,0,1976,0,523,465,0,255,4564,0,8391,-2131,0,0,0,320,9197,1338,7859,28,977,261,0,716,
196301,7249,652,1923,0,1048,0,636,239,0,29,4645,0,7208,-2195,0,0,0,325,8064,1293,6771,40,974,264,0,710,
196302,8206,655,1972,0,963,0,643,366,0,156,5423,0,8157,-2233,0,0,0,325,9051,1264,7787,40,974,263,0,711,
196303,8870,671,2202,0,1394,0,494,314,0,104,5893,0,8809,-2392,0,0,0,330,9852,1298,8554,52,967,261,0,706,
196304,9167,672,1921,0,718,0,514,689,0,479,6095,0,9108,-2580,0,0,0,330,10319,1331,8988,57,982,276,0,706,
196401,8280,694,1479,0,569,0,520,390,0,181,5926,0,8206,-2607,0,0,0,340,9447,1354,8093,56,970,274,0,696,
196402,9303,689,2257,0,1021,0,596,640,0,430,5927,0,9218,-2704,0,0,0,340,10559,1261,9298,50,973,276,0,697,
196403,9157,684,2564,0,1535,0,673,356,0,145,5764,0,9061,-2733,0,0,0,350,10420,1260,9160,58,966,278,0,688,
196404,9862,681,2674,0,1374,0,693,607,0,897,5610,0,9771,-2843,0,0,0,350,11220,1785,9435,60,984,298,0,686,
196501,9051,687,2104,0,955,0,750,399,0,688,5572,0,8945,-2803,0,0,0,360,10345,1747,8598,67,976,300,0,676,
196502,10499,698,3132,0,1510,0,835,787,0,1077,5592,0,10363,-2912,0,0,0,360,11885,2041,9844,64,966,291,0,675,
196503,8511,709,1721,0,595,0,754,372,0,661,5420,0,8340,-3032,0,0,0,370,9973,2284,7689,82,947,281,0,666,
196504,10349,711,2449,0,1082,0,453,914,0,1203,5986,0,10147,-3231,0,0,0,370,11968,2691,9277,93,947,281,0,666,
196601,9123,730,1605,0,909,0,333,363,0,651,6137,0,8889,-3202,0,0,0,380,10681,2958,7723,101,929,274,0,655,
196602,10507,746,2303,0,818,0,618,867,0,1155,6303,0,10257,-3283,0,0,0,390,12138,2789,9349,84,928,281,0,647,
196603,8930,764,1595,0,893,0,324,378,0,666,5905,0,8664,-3118,0,0,0,400,10365,2665,7700,92,925,288,0,637,
196604,11286,784,3235,0,1742,0,465,1028,0,1317,5950,0,10957,-3203,0,0,0,410,12779,2905,9874,95,876,250,0,626,
196701,11449,846,3379,0,2140,0,783,456,0,745,6479,0,11094,-2997,0,0,0,420,12664,3659,9005,133,874,253,0,621,
196702,11516,912,2340,0,710,0,638,992,0,1281,6983,0,11104,-3349,0,0,0,430,13054,4056,8998,109,860,249,0,611,
196703,12971,950,2632,0,985,0,469,1178,0,1467,7922,0,12486,-3568,0,0,0,440,14625,4544,10081,145,844,245,0,599,
196704,14731,990,2888,0,983,0,506,1399,0,1689,9164,0,14185,-3843,0,0,0,450,16588,5254,11334,151,839,253,0,586,
196801,13602,1124,2509,0,968,0,454,1087,0,1376,8593,0,13000,-3566,0,0,0,460,15085,5535,9550,201,820,250,0,570,
196802,15112,1274,2305,0,905,0,669,731,0,1019,10514,0,14439,-3770,0,0,0,480,16732,6655,10077,194,803,252,0,551,
196803,17661,1398,4211,0,2543,0,663,1005,0,1293,10759,0,16925,-3712,0,0,0,500,19115,6865,12250,225,797,262,0,535,
196804,18513,1465,3534,0,1766,0,548,1220,0,1509,12005,0,17690,-4130,0,0,0,510,20329,7675,12654,199,782,255,0,527,
196901,14615,1487,1823,0,733,0,345,745,0,1034,10271,0,13739,-4550,0,0,0,520,16783,7133,9650,209,777,256,0,521,
196902,15847,1470,2851,0,1120,0,336,1395,0,1685,9841,0,14953,-4212,0,0,0,540,17721,6586,11135,144,760,260,0,500,
196903,12890,1427,2087,0,866,0,350,871,0,1160,8216,0,12030,-4141,0,0,0,560,14704,5654,9050,163,744,263,0,481,
196904,15402,1386,3670,0,1728,0,361,1581,0,1870,8476,0,14553,-4027,0,0,0,580,17200,5655,11545,147,653,196,0,457,
197001,13071,1322,3436,0,2155,0,557,724,0,1015,7298,0,12285,-3816,0,0,0,590,14748,5098,9650,119,644,196,0,448,
197002,11741,1225,2351,0,620,0,390,1341,0,1633,6532,0,10996,-3565,0,0,0,600,13221,4494,8727,108,632,194,0,438,
197003,13298,1131,3850,0,2007,0,612,1231,0,1522,6795,0,12576,-3601,0,0,0,600,14813,4663,10150,135,629,192,0,437,
197004,16246,1073,6003,0,3398,0,915,1690,0,1982,7188,0,15509,-3536,0,0,0,610,17689,4703,12986,150,596,169,0,427,
197101,14861,1040,4520,0,1924,0,890,1706,0,1999,7302,0,14097,-3461,0,0,0,620,16189,5339,10850,160,589,174,0,415,
197102,14332,1059,3394,0,1477,0,489,1428,0,1720,8159,0,13510,-3493,0,0,0,630,15669,5123,10546,120,584,181,0,403,
197103,14491,1087,3579,0,1884,0,946,749,0,1040,8785,0,13607,-3530,0,0,0,650,15787,4937,10850,130,570,188,0,382,
197104,17610,1097,4642,0,1799,0,1028,1815,0,2107,9764,0,16700,-3659,0,0,0,670,18958,5197,13761,140,591,224,0,367,
197201,17309,1101,3316,250,1397,0,714,955,0,1246,11646,0,16242,-3748,0,0,0,690,18394,5544,12850,150,756,229,0,527,
197202,18628,1106,3303,500,1107,0,767,929,0,1219,13000,0,17428,-4012,0,0,0,710,19683,5235,14448,123,924,232,0,692,
197203,18761,1104,3569,750,1770,0,644,405,0,694,13394,0,17547,-5032,0,0,0,730,20594,5044,15550,151,1104,235,0,869,
197204,22935,1081,5958,1000,2012,0,912,2034,0,2411,13485,0,21739,-4457,0,0,0,750,23959,5388,18571,165,1322,285,0,1037,
197301,18448,1040,3920,1250,1365,0,595,710,0,1087,12401,0,16977,-4549,0,0,0,760,19368,5158,14210,180,1218,260,0,958,
197302,17755,975,4587,1500,1430,0,687,970,0,1348,10845,0,16017,-4724,0,0,0,770,18700,4836,13864,144,1127,243,250,634,
197303,16902,907,4897,1750,1889,0,718,540,0,917,10181,0,14907,-4444,0,0,0,780,17349,4993,12356,156,1066,236,500,330,
197304,20294,854,7526,2000,2008,0,1130,2388,0,2765,9149,0,18067,-4275,0,0,0,790,20350,5199,15151,153,1049,254,750,45,
197401,16459,818,5287,2250,971,0,590,1476,0,1852,8502,0,13966,-4712,0,0,0,810,16729,4992,11737,140,999,238,1000,-239,
197402,17469,791,6092,2500,827,0,588,2177,0,2553,8033,0,14790,-4170,0,0,0,830,17020,4647,12373,82,1028,302,1250,-524,
197403,17444,771,6822,2750,1723,0,605,1744,0,2119,7732,0,14578,-4080,0,0,0,850,16674,4325,12349,68,1066,365,1500,-799,
197404,18249,752,7750,3000,2256,0,705,1789,0,2164,7583,0,15289,-5137,0,0,0,870,18287,4184,14103,45,1224,521,1750,-1047,
197501,17450,740,7625,3250,2713,0,532,1130,0,1504,7581,0,14255,-3520,0,0,0,890,16106,4203,11903,61,718,536,2000,-1818,
197502,18318,730,7695,3500,1813,0,573,1809,0,2184,7709,0,14888,-3221,0,0,0,910,16937,4353,12584,15,247,551,2500,-2804,
197503,17269,729,6863,3750,1254,0,587,1272,0,1647,8030,0,13604,-2161,0,0,0,930,14895,4580,10315,52,-112,566,0,-678,
197504,21486,738,8775,4000,1152,0,631,2992,0,3368,8605,0,17589,-2827,0,0,0,950,19861,4832,15029,80,-475,584,0,-1059,
197601,24301,903,9284,3999,2719,0,1131,1435,0,1302,9959,2853,20651,-2492,0,0,0,970,19153,5311,13842,297,2723,586,0,2137,
197602,25430,1011,8972,3492,2571,0,1262,1647,0,1328,11223,2896,21755,-2571,0,0,0,990,20055,5438,14617,199,3082,629,0,2453,
197603,29444,964,12754,4287,5143,0,1368,1956,0,1292,11645,2789,25838,1392,0,0,0,1010,20345,5557,14788,185,2906,672,0,2234,
197604,34141,1018,16584,7217,5604,0,1672,2091,0,1542,12510,2487,30435,-626,0,0,0,1030,27386,5730,21656,208,2437,760,0,1677,
197701,27720,1082,8715,3610,1624,0,1590,1891,0,1405,12936,3582,24144,-4942,0,0,0,1050,24840,5907,18933,153,3043,815,0,2228,
197702,30344,1130,10183,3810,1990,0,2129,2254,0,1579,14024,3428,26710,-3730,0,0,0,1070,25492,6177,19315,129,3749,875,0,2874,
197703,27744,1077,7849,3336,148,0,2213,2152,0,1581,13981,3256,24154,-7562,0,0,0,1090,27069,5190,21879,121,3436,935,0,2501,
197704,29952,1036,11274,6670,350,0,2104,2150,0,1840,14527,1275,26566,-5984,0,0,0,1100,29631,5739,23892,119,1700,979,0,721,
197801,31958,1120,9026,6081,-947,0,1714,2178,0,1673,16401,3738,28393,-3902,0,0,0,1120,27617,7567,20050,96,3462,988,0,2474,
197802,33843,1102,8350,5383,-884,0,1972,1879,0,2024,18950,3417,30155,-5830,0,0,0,1140,30838,8938,21900,157,3850,1000,0,2850,
197803,35165,1299,6745,4166,-902,0,1585,1896,0,2282,20731,4108,31251,-6247,0,0,0,1160,31551,10349,21202,235,4552,1001,0,3551,
197804,32520,1225,7564,5804,-1605,0,1877,1488,0,1918,17145,4668,28641,-7271,0,0,0,1190,29546,8521,21025,187,4989,985,0,4004,
197901,31805,1374,7847,4960,-444,0,1755,1576,0,2092,16326,4166,27728,-5585,0,0,0,1240,27699,7887,19812,186,4188,905,0,3283,
197902,41634,1526,13996,8025,1998,0,1904,2069,0,2237,18958,4917,37417,-2090,0,0,0,1270,33294,10725,22569,185,4758,989,0,3769,
197903,40157,1936,10125,7861,-1551,0,1888,1927,0,2487,20249,5360,35841,-4368,0,0,0,1300,33093,11463,21630,206,5610,1073,0,4537,
197904,32683,2205,3946,7169,-7023,0,2184,1616,0,2566,17458,6508,28507,-9643,0,0,0,1340,30508,10354,20154,208,6094,1284,0,4810,
198001,36918,2647,8109,6144,-246,0,1108,1103,0,2066,18735,5361,32686,-3529,0,0,0,1400,28382,11663,16719,239,6194,1329,0,4865,
198002,42098,2711,12163,7913,-137,0,1738,2649,0,2283,18620,6321,37082,-537,0,0,0,1500,29316,12635,16681,373,6430,1371,8675,-3616,
198003,44369,2905,10689,6655,465,0,1718,1851,0,2745,19972,8058,39480,-1137,0,0,0,1600,30915,14808,16107,497,7605,1692,8855,-2942,
198004,45358,2997,6554,6750,-4746,0,2509,2041,0,3268,24737,7802,39087,-8726,0,0,0,1700,37160,16236,20924,483,8470,886,8631,-1047,
198101,53658,2950,19065,6799,8332,0,1696,2238,0,3053,21807,6783,47072,2704,0,0,0,1800,35470,15884,19586,419,6679,821,9522,-3664,
198102,52462,2720,16750,10730,1130,0,2066,2824,0,3384,22179,7429,45540,-1931,0,0,0,1900,37593,14709,22884,374,7604,875,11592,-4863,
198103,47271,3139,14043,8031,1962,0,1766,2284,0,2768,21068,6253,40667,-5005,0,0,0,2000,35277,13300,21977,334,8061,934,14317,-7190,
198104,59758,2844,20949,11572,2958,0,3004,3415,0,3475,23023,9467,52529,-309,0,0,0,2100,40938,14729,26209,324,9476,1072,4203,4201,
198201,55929,3398,21481,9425,6685,0,1873,3498,0,2750,19250,9050,49061,3892,0,0,0,2200,34986,14632,20354,263,7720,1250,4482,1988,
198202,54746,3275,18862,13009,-722,0,2431,4144,0,3274,19099,10236,47941,-182,0,0,0,2300,36869,15378,21491,263,8691,1408,5015,2268,
198203,58017,4557,17758,14399,-4991,0,3108,5242,0,3283,20798,11621,50818,-1875,0,0,0,2450,40422,17579,22843,406,9415,1629,5589,2197,
198204,83275,4504,36187,16447,9199,0,4628,5913,0,4921,25791,11872,74904,24344,0,0,0,2600,44053,17838,26215,643,3264,1799,5689,-4224,
198301,70559,3952,19159,8315,3492,0,3319,4033,0,5099,26743,15606,61580,2004,46,46,0,2692,44365,21354,23011,649,11824,1936,5588,4300,
198302,77507,4013,19032,8954,-871,0,3821,7128,0,7423,32758,14281,67786,796,74,74,0,3221,48663,22345,26318,520,14512,1998,5988,6526,
198303,83060,3421,25032,10208,4483,0,3614,6727,0,7470,33781,13356,73115,11214,122,122,0,3083,45674,21581,24093,494,12528,2073,6055,4400,
198304,90463,3641,25539,11598,-473,0,6472,7942,0,10005,34177,17101,80056,8403,377,377,0,5086,49218,20557,28661,486,16486,2250,6692,7544,
198401,80859,3726,19493,10641,-2602,0,3696,7758,0,8127,31723,17790,70740,5526,128,128,0,4027,46106,18376,27730,410,14543,2660,7461,4422,
198402,74790,3525,14695,11596,-7718,0,3370,7447,0,7653,32657,16260,64997,-829,337,337,0,4133,45525,18946,26579,266,15565,2804,5892,6869,
198403,89356,3488,27278,13092,491,0,4944,8751,0,9111,30415,19064,78858,10347,515,515,0,4727,45762,18395,27367,431,17076,2847,7785,6444,
198404,118406,3904,54122,17301,12140,0,11008,13673,0,8914,31834,19632,108142,25512,1071,1071,0,5465,56028,21573,34455,428,19638,3716,7520,8402,
198501,91090,3937,26648,10499,-1600,1220,4511,12018,0,10957,30614,18934,80205,1693,382,382,0,4199,51752,20994,30758,482,21697,3461,8804,9432,
198502,107893,3751,34157,12618,-3507,2440,5498,17108,0,12039,36878,21068,96226,7700,548,548,0,5280,62982,25030,37952,566,19150,3436,9421,6293,
198503,113608,4200,39456,13928,-3436,3660,6133,19171,0,10615,38968,20369,100972,7994,622,622,0,5699,63865,24919,38946,624,22168,3446,15289,3433,
198504,156016,6275,58195,14549,-4011,4880,19922,22855,0,14070,50699,26777,141328,23743,1342,1342,0,7998,80489,35051,45438,773,26983,3848,16026,7109,
198601,179853,5531,72666,16125,14590,6100,8541,27310,0,16599,52848,32209,163025,36508,990,990,0,6745,90275,40976,49299,654,27853,3958,17339,6556,
198602,181731,5225,71529,18140,12498,7320,7737,25834,0,16027,52842,36108,163425,35144,1696,1696,0,7294,84369,39027,45342,643,34279,4056,27102,3121,
198603,171340,6196,70014,15109,11164,8540,10210,24991,0,16727,55521,22882,152340,33669,1322,1322,0,7077,77487,37033,40454,638,32147,4124,22258,5765,
198604,184585,8450,66254,12599,4120,9760,16595,23180,0,17721,57429,34731,164304,35566,3397,3397,0,7632,83646,44015,39631,932,33131,3624,19387,10120,
198701,169052,6775,51374,10042,-6126,10908,12233,24317,0,18314,53567,39022,148340,24017,2952,2952,0,8787,79070,42661,36409,956,32558,4809,19741,8008,
198702,159247,6312,36325,11354,-17144,12200,8357,21558,0,17614,56889,42107,138975,13669,3340,3340,0,8424,79102,41590,37512,658,33782,5413,20408,7961,
198703,161205,5968,30299,12846,-26607,13420,7971,22669,0,20423,59395,45120,140386,7692,4022,4022,0,8892,82145,41350,40795,550,37085,5754,24073,7258,
198704,137948,7448,39779,14150,-16685,14640,8286,19388,0,10685,41797,38239,114509,-8805,3248,3248,0,6828,73480,39103,34377,394,39364,3130,36717,-483,
198801,146545,9656,42765,14564,-15703,15860,6006,22038,0,11495,40625,42004,122006,-2468,3498,3498,0,8300,78831,40208,38623,459,33386,3774,50925,-21313,
198802,144187,10951,34283,17381,-31253,17080,7375,23700,0,11075,41231,46647,117227,-8358,5327,5327,0,9413,77077,41222,35855,489,33279,2094,52666,-21481,
198803,137822,10172,33693,14158,-31306,18300,6967,25574,0,11881,42131,39945,112209,-10365,5511,5511,0,9012,74362,38871,35491,507,33182,3921,54261,-25000,
198804,135870,9390,23518,14773,-47396,19520,7480,29141,0,12233,43506,47223,111468,-21885,7517,7517,0,8548,74790,40886,33904,543,41955,4795,60666,-23506,
198901,143926,8812,37374,15336,-35659,20740,4891,32066,0,12566,39338,45836,119017,-12631,9649,9649,0,8463,77299,41744,35555,412,35825,4363,56650,-25188,
198902,187100,9731,67678,15736,-8745,21960,7017,31710,0,13423,44641,51627,162229,16159,10865,10865,0,8532,86660,48302,38358,543,39470,4787,64568,-29885,
198903,187148,8749,69531,14202,-4995,23180,5786,31358,0,14081,44294,50493,161294,33091,10128,10128,0,8216,83456,44675,38781,703,25700,4718,73031,-52049,
198904,236560,9758,103686,17811,21506,24400,7097,32872,0,14078,42540,66498,213178,64240,13783,13783,0,8005,91373,53190,38183,606,35171,6266,72591,-43686,
199001,204929,10145,72870,17097,-2986,25620,6162,26977,0,9884,41977,70053,182308,33335,12289,12289,0,6095,88044,51058,36986,645,41900,6325,71142,-35567,
199002,204116,8726,68025,14484,-11205,27324,6726,30696,0,12863,40022,74480,181352,31513,10825,10825,0,5866,87409,50939,36470,696,45043,6471,72986,-34414,
199003,199477,10879,50423,14150,-33339,31485,7389,30738,0,8971,36722,92482,178129,25467,14312,14312,0,5720,90858,55220,35638,688,41084,6536,65985,-31437,
199004,262133,10248,106479,18393,7277,44013,7894,28902,0,9555,38809,97042,239240,81024,15289,15289,0,6103,98619,62425,36194,664,37541,3774,61786,-28019,
199101,250256,10168,91624,17322,-6815,45290,6636,29191,0,12763,36867,98834,226958,67841,16421,16421,0,5774,95662,59418,36244,568,40692,5179,66768,-31255,
199102,269760,10594,100863,14620,-5679,49116,9149,33657,0,12424,37562,108317,246455,78508,18154,18154,0,6469,99962,58708,41254,605,42757,5591,64044,-26878,
199103,308128,9071,124282,14795,8904,54652,8435,37496,0,13757,45059,115959,284793,104088,18212,18212,0,6202,112994,68628,44366,687,42610,5888,65601,-28879,
199104,332510,10191,123988,13958,5669,54029,9448,40884,0,14267,55066,128998,308668,106707,19000,19000,0,6785,133803,87013,46790,850,41523,5770,65641,-29888,
199201,322491,9976,108325,13573,-15437,57617,7866,44706,0,12334,51227,140629,297507,82244,19686,19686,0,6002,143376,71756,71620,877,45322,5955,67156,-27789,
199202,343358,10313,135236,16668,-5661,66514,10120,47595,0,12686,56332,128791,316290,100309,23104,23104,0,6432,136998,65079,71919,908,48539,6109,73293,-30863,
199203,395721,10651,145374,16195,-427,62053,9364,58189,0,12072,55840,171784,368506,128715,22706,22706,0,6554,158631,77997,80634,979,50921,6130,84689,-39898,
199204,381732,10367,122695,15200,-7657,52981,11313,50858,0,14783,53474,180413,352783,106426,21694,21694,0,7389,164223,76230,87993,888,52163,5297,88139,-41273,
199301,415981,11086,140812,15752,-4995,60300,9904,59851,0,15807,59775,188501,389479,144442,19323,19323,0,8101,166405,86800,79605,1091,50117,9433,81848,-41164,
199302,438845,10872,154700,15267,-1318,65400,14351,61000,0,19213,59048,195012,416080,140474,22754,22754,0,9931,176236,86946,89290,1067,65618,13569,96479,-44430,
199303,462534,11007,154734,14642,-19674,73800,14216,71750,0,21514,67376,207903,439129,137455,26419,26419,0,10437,188133,99749,88384,1447,75238,17705,98060,-40527,
199304,478778,12281,137533,14868,-28313,60800,17133,73045,0,24247,76123,228594,460627,126441,33734,33734,0,10069,202926,102269,100657,1401,86056,23690,111515,-49149,
199401,469867,14913,115219,11372,-44830,58600,13079,76998,0,22252,77033,240450,451483,110125,31258,31258,0,12256,206679,110756,95923,1428,89737,23914,120534,-54711,
199402,465580,14181,100804,18676,-53124,55300,12503,67449,0,19739,76103,254753,448617,115195,31324,31324,0,9989,202987,112484,90503,1353,87769,24138,111634,-48003,
199403,469482,13459,95331,12164,-45723,50000,12402,66488,0,20178,72568,267946,452789,129051,29419,29419,0,10257,191309,107321,83988,1409,91344,24362,120623,-53641,
199404,454724,12022,93329,11207,-42684,45000,15455,64351,0,20126,75051,254196,429118,103394,34255,34255,0,9149,203912,108971,94941,1195,77213,14032,123754,-60573,
199501,472668,13990,101106,16822,-29236,45000,10838,57682,0,22013,69850,265709,445727,133034,26870,26870,0,9021,200673,113459,87214,1047,75082,14513,135503,-74934,
199502,491805,13270,137410,17480,-129,42000,11702,66357,0,23863,68742,248520,465261,140880,26844,26844,0,9330,209106,113128,95978,1072,78029,14994,141808,-78773,
199503,503170,14788,136112,22130,-8106,46000,9305,66783,0,26753,77352,248165,476030,147065,27368,27368,0,9997,208791,114850,93941,1348,81461,15475,147456,-81470,
199504,568105,13749,183429,22065,18274,54000,12723,73814,2553,34176,78593,258158,541796,182392,29300,29300,0,10261,227060,127569,99491,1117,91666,17382,146316,-72032,
199601,569408,12924,156180,16766,5215,50000,8866,72438,2895,28171,89110,283023,541911,181542,21360,21360,0,11613,237758,140925,96833,1063,88575,18280,161029,-90734,
199602,565266,15327,138187,19921,-14080,48200,8802,72107,3237,31923,89851,289978,538395,180398,24649,24649,0,13026,228767,136822,91945,1196,90359,19178,171638,-100457,
199603,583126,15300,147063,18072,-3985,46500,7867,75031,3578,29142,86937,304684,555990,177644,26068,26068,0,14461,230827,145158,85669,1079,105911,20076,177415,-91580,
199604,636351,15651,167730,23686,-12836,55200,10830,86930,3920,37899,94411,320660,609450,180875,27281,27281,0,14282,263665,162859,100806,1264,122083,20765,194935,-93617,
199701,655395,14760,164501,25226,-22758,53807,10056,93380,4790,39279,101354,335501,626605,181380,26567,26567,0,17663,278966,171999,106967,1040,120989,22230,208003,-109244,
199702,717430,18078,160152,25935,-28009,53744,11363,91459,5660,44150,110390,384660,688227,206250,35301,35301,0,16356,303930,188656,115274,889,125501,23695,216060,-114254,
199703,748810,18951,164662,24340,-42821,66391,11049,99173,6530,50737,127447,387013,716958,214671,33583,33583,0,23629,304388,192808,111580,1110,139577,25160,228108,-113691,
199704,779194,21682,182594,24258,-5344,50432,13203,92645,7400,51922,131172,391824,750095,203528,35340,35340,0,19938,337908,215452,122456,1345,152036,29388,250995,-128347,
199801,918109,24927,242690,25079,31929,67883,12381,98163,7255,62800,140059,447633,883936,230309,35082,35082,0,19532,364681,233305,131376,1085,233247,29242,276707,-72702,
199802,917075,22235,209379,28296,-29276,86937,15294,101105,7023,66679,151513,467269,881302,226463,40084,40084,0,20869,388049,248350,139699,1095,204742,29096,301784,-126138,
199803,989703,25934,245878,33417,38103,61524,14699,91261,6874,55447,149053,513391,955160,261346,39435,39435,0,21782,424297,277833,146464,793,207507,28950,316239,-137682,
199804,921179,25378,189354,28031,15817,50922,13145,74720,6719,54351,152761,499335,885796,208154,42533,42533,0,18932,419478,276675,142803,1264,195435,29723,326555,-160843,
199901,893755,24459,211300,28801,48120,32874,12390,82383,6732,61035,160646,436315,856890,232670,34756,34756,0,19429,391990,262335,129655,1289,176756,31024,379477,-233745,
199902,900485,27641,158821,28785,-12250,34718,14339,86463,6766,68117,183825,462081,859427,200902,30182,30182,0,31539,403236,270394,132842,1385,192183,32325,399675,-239817,
199903,921364,26734,166763,29344,-21843,57294,12844,82332,6792,55535,185837,486495,879537,209567,34623,34623,0,30022,407224,285143,122081,1498,196603,33626,382690,-219713,
199904,1001002,28711,154669,25987,-42626,65950,11947,86599,6812,66885,227926,522811,960543,245230,25309,25309,0,30859,448665,323880,124785,2180,208300,38680,360821,-191201,
200001,1132525,27117,194816,30206,-6509,50284,10842,102574,7419,74383,286471,549738,1085639,285265,36416,36416,0,33766,514583,371239,143344,2423,213186,39459,351371,-177644,
200002,1132907,26969,188155,38226,-24138,55092,9868,101083,8024,74528,270234,573021,1085276,271661,36247,36247,0,39405,509941,359464,150477,1719,226303,40238,368465,-182400,
200003,1208607,20781,243331,45430,7847,62613,10836,108109,8496,81519,273873,589103,1159986,317601,42588,42588,0,35912,531938,372945,158993,1772,230175,41017,369161,-180003,
200004,1221388,30329,223617,39210,-3252,63695,11289,103760,8915,77220,235134,655088,1185285,302165,40944,40944,0,35915,587586,412434,175152,2096,216579,53973,373195,-210589,
200101,1211486,30954,317728,44637,61131,75298,12658,114687,9317,78268,195785,588751,1174358,287071,35007,35007,0,35339,603521,412029,191492,1208,212212,55362,419937,-263087,
200102,1334881,37066,288404,44830,1549,96345,13677,122200,9803,89825,195977,723609,1297625,334223,43913,43913,0,33321,585570,412906,172664,1320,299278,56751,403420,-160893,
200103,1462638,53727,366367,50792,67409,80443,15997,141662,10064,66595,258064,717885,1426499,402273,47064,47064,0,36136,661856,494787,167069,1447,277723,58140,399429,-179846,
200104,1465640,47120,316043,48160,9816,77780,19010,151023,10254,85080,196359,821038,1424624,353159,42343,42343,0,39211,629505,454329,175176,1890,358516,56065,373641,-71190,
200201,1441358,43054,299565,47646,-1663,71816,13606,158181,9979,86247,191989,820503,1397322,390427,38425,38425,0,36347,586045,427497,158548,1911,344167,55165,412289,-123287,
200202,1465244,45690,352644,50808,9925,89951,17419,174895,9646,83728,170555,812627,1420210,438338,42805,42805,0,30582,575068,400494,174574,1632,331785,54265,392777,-115257,
200203,1419722,40460,335245,44347,49,88821,20266,172343,9419,69384,149624,825009,1375200,383703,46614,46614,0,31767,576634,401309,175325,1615,334867,53365,369095,-87593,
200204,1335420,44217,344431,43495,-3912,91831,21026,183078,8913,74894,148201,723677,1272708,344176,40624,40624,0,37418,590641,412699,177942,1347,258502,35401,373369,-150268,
200301,1385505,44176,390925,46693,17481,128110,19208,170490,8943,67679,159526,723199,1321518,341958,50232,50232,0,28501,630345,429641,200704,1634,268848,36119,390235,-157506,
200302,1512117,43579,341147,41865,-63208,139400,22129,191988,8973,87637,248456,791298,1443856,366190,46175,46175,0,35253,715264,515135,200129,1929,279045,36837,384142,-141934,
200303,1560696,43857,374974,46074,8142,85829,24085,201843,9001,86803,227610,827452,1488418,420000,48640,48640,0,32468,704032,503443,200589,1985,281293,37555,389663,-145925,
200304,1613023,47162,424065,49356,37778,83726,24858,219299,9048,100537,182500,858759,1540086,490391,46991,46991,0,28218,676292,475360,200932,1751,296443,37447,402858,-143862,
200401,1703296,52962,405029,49519,11917,93776,25028,214940,9849,113454,200782,931069,1629329,482180,59978,59978,0,34599,740301,512899,227402,1920,310351,38219,424854,-152722,
200402,1652788,53428,325464,49956,-82071,86301,30172,229721,11385,117847,216509,939540,1579135,381874,60596,60596,0,32077,764545,533917,230628,2034,338009,38991,407269,-108251,
200403,1772403,53080,453514,49876,-12771,131898,33582,238203,12726,110251,209852,945706,1696059,484670,68897,68897,0,34236,767061,524341,242720,2333,338862,39763,416884,-117785,
200404,1844886,62881,394898,48015,-44572,107266,31961,237991,14237,129065,264019,994023,1777849,526858,62237,62237,0,36040,774163,578316,195847,2195,376356,49610,429391,-102645,
200501,1947066,60832,440012,50399,-26886,108177,36344,256096,15882,134575,266078,1045569,1878063,621703,65026,65026,0,34972,785181,569369,215812,2608,368573,48960,499699,-180086,
200502,2040259,58952,457328,62476,-69113,135931,32413,277761,17860,131123,263518,1129338,1969736,680934,63720,63720,0,35049,800689,583167,217522,1254,388090,48310,522817,-183037,
200503,2117585,57728,431988,63811,-84185,118070,35288,279551,19453,132883,258013,1236973,2043907,706495,70720,70720,0,45227,810175,578366,231809,1794,409496,47660,535534,-173698,
200504,2127050,56460,477193,60246,-64593,101001,42885,315704,21950,158331,232447,1202619,2052605,733568,62361,62361,0,43079,805984,575308,230676,2080,405533,49947,544460,-188874,
200601,2288071,62521,497249,66698,-79789,129388,35553,319756,25643,167166,249478,1311657,2200854,816482,71136,71136,0,35902,856024,598590,257434,2566,418744,45101,529678,-156035,
200602,2402562,74653,469989,67615,-148588,155065,37889,327412,30596,166945,243845,1447130,2313502,835019,72769,72769,0,48938,904803,646293,258510,2812,449161,44371,556145,-151355,
200603,2584491,69778,537319,73995,-110446,160911,38392,340123,34344,172725,254532,1550137,2492012,963028,74011,74011,0,43328,936932,654780,282152,3269,471444,43097,553280,-124933,
200604,2741746,80480,583372,64305,-67039,138039,50868,355486,41713,186369,292099,1599426,2669063,1071819,68788,68788,0,48279,957833,655663,302170,2805,519539,61018,596460,-137939,
200701,3020297,81859,677153,77128,-41484,147783,48412,400261,45053,202062,278962,1780261,2938447,1224547,83652,83652,0,51652,1010014,690136,319878,3548,565034,60590,540530,-36086,
200702,3169543,89825,583755,79874,-139335,122627,53953,418032,48604,223084,334032,1938847,3085092,1219196,93615,93615,0,65473,1045474,745313,300161,3483,657851,61084,536996,59771,
200703,3201937,86295,718223,86029,-95338,214645,45124,416966,50797,220624,296520,1880275,3121150,1293738,86273,86273,0,62129,1077998,757822,320176,3469,597543,62657,566829,-31943,
200704,3092024,104980,803101,87115,-59964,290197,50122,382792,52839,224757,325534,1633652,3020464,1147283,64803,64803,0,45842,1200882,866424,334458,2186,559468,63705,560351,-64588,
200801,3244240,122378,864267,107489,-23674,298061,66073,362689,53629,180134,365327,1712134,3178043,1196680,120112,80369,39743,43494,1281724,984530,297194,2043,533990,68995,558747,-93752,
200802,2957944,115605,691840,102908,-93297,311194,51803,264958,54274,189631,291465,1669403,2891243,971514,85936,84481,1455,39087,1273438,992080,281358,2617,518651,74678,587613,-143640,
200803,3001925,161934,820777,153941,-9173,350042,61946,208208,55813,160646,402323,1456245,2947709,751873,276660,76926,199734,34362,1282851,998551,284300,2538,599425,83683,611276,-95534,
200804,2217183,120078,717424,65701,190624,242649,38741,123788,55921,109172,164838,1105671,2146299,586935,142551,97067,45484,21167,963630,742660,220970,2485,429531,60220,626141,-256830,
200901,1925452,103164,594013,49879,130942,221979,38740,102227,50246,79551,134275,1014449,1847426,418403,102448,82039,20409,47794,882929,666349,216580,2681,393171,58521,1247271,-912621,
200902,2011360,92028,599166,61262,155937,177219,38308,120561,45879,89312,147666,1083188,1913265,481821,102207,97137,5070,54513,851416,657287,194129,4500,418808,61463,1236729,-879384,
200903,2060636,81933,533430,49532,105725,141568,41895,152257,42453,108514,173767,1162992,1955290,449031,104052,104025,27,66910,893744,671709,222035,6248,435305,61438,1172262,-798395,
200904,2084221,90721,525315,41538,122977,110876,35430,171282,43212,124151,202985,1141049,1998526,470893,92851,92851,0,70062,888196,668571,219625,5719,470805,85244,1158513,-772952,
201001,2091950,90177,544929,38495,123620,127506,40342,170807,44159,112353,196375,1148116,2002555,439967,92252,92252,0,62213,912383,680005,232378,4384,491356,88463,1156005,-753112,
201002,1977902,86072,529086,33091,87092,161881,35015,166100,45907,98409,216997,1047338,1881282,340948,100907,100907,0,51991,929080,685987,243093,4360,453996,83052,1150654,-779710,
201003,2025703,89523,539728,34189,73779,173536,39207,170464,48553,100587,233671,1062194,1935386,361131,96115,96115,0,55073,940037,696793,243244,6368,476662,87339,1189279,-799956,
201004,2075246,96923,557568,36240,94503,149812,40017,185608,51388,117240,278175,1025340,1973387.92,404719,129722,129722,0,18076,936559,694256,242303,3648,480663.92,85998.92,1117628,-722963,
201101,2094435,88761,555877,39578,78262,153228,36472,202420,45917,131652,315728,1002417,1993308,427111,128238,128238,0,18386,942330,703302,152088,86940,4228,473015,90369,1153061,-770415
201102,2121140,105410,548677,42229,56322,174711,40045,187389,47981,131158,312853,1023042,2023106,387935,110065,110065,0,19234,1010996,757718,163157,90121,4340,490536,94646,1135452,-739562
201103,1971401,111054,510569,40742,78918,166768,36066,133704,54371,97695,251931,1000152,1883615,179503,99211,99211,0,16304,1128945,804893,186893,137159,3689,455963,98988,1133705,-776730
201104,1949702,111849,563194,42143,183559,147730,30899,104519,54344,103166,238861,932632,1870911,215330,91829,91829,0,14262,1073702,752397,189601,131704,2533,473255,98123,1159268,-784136
201201,2063829,117367,610717,43707,203769,148650,34685,149291,30615,116254,267723,951768,1978049,251739,98018,98018,0,17316,1107822,762286,190823,154713,2989,500165,100267,1347306,-947408
201202,2052880,105181,600456,34691,201167,169806,31167,130778,32847,113471,244457,989315,1967675,219881,102140,102140,0,13480,1165747,777658,209770,178319,2846,463581,101097,1322272,-959788
201203,2048823,113489,589108,33220,190192,165507,29027,139254,31908,127909,269144,949173,1957817,169155,85832,85832,0,12988,1213236,780190,241795,191251,3676,472930,102943,1513780,-1143793
201204,2068299,128190,652304,29934,246539,169607,26632,146984,32608,126702,303747,857356,1977250.42,189195,90164,90164,0,14227,1208696,776041,242855,189800,3080,471888.42,104472.42,1628695,-1261279